genres,release_year,meta_score,user_score
,2017,85.0,8.7
,2021,88.0,8.7
2D,1998,65.0,7.4
2D,2001,86.0,8.5
2D,2002,88.0,8.933333333333332
2D,2003,86.0,8.899999999999999
2D,2004,76.125,8.175
2D,2005,75.625,7.3125
2D,2006,78.63636363636364,8.118181818181817
2D,2007,60.0,7.3
2D,2008,80.2,8.680000000000001
2D,2009,78.11111111111111,8.288888888888888
2D,2010,82.88888888888889,8.11111111111111
2D,2011,67.11111111111111,7.28888888888889
2D,2012,79.25,7.275
2D,2013,74.5,7.7
2D,2014,81.11111111111111,8.133333333333333
2D,2015,73.71428571428571,7.642857142857143
2D,2016,77.0,7.6
2D,2017,73.0,7.199999999999999
2D,2018,83.5,8.1
2D,2019,82.33333333333333,7.3999999999999995
2D,2020,70.0,7.75
2D,2023,79.0,8.8
3D,1996,94.0,9.1
3D,1998,92.0,9.2
3D,1999,79.0,8.6
3D,2000,83.5,8.45
3D,2001,92.0,9.0
3D,2002,92.0,8.3
3D,2003,71.0,7.6
3D,2004,78.33333333333333,8.233333333333334
3D,2007,85.33333333333333,8.466666666666667
3D,2008,86.0,8.6
3D,2009,59.0,8.2
3D,2010,82.2,8.440000000000001
3D,2011,78.66666666666667,7.866666666666667
3D,2012,69.0,7.4
3D,2013,78.2,7.4799999999999995
3D,2014,85.16666666666667,8.583333333333334
3D,2015,58.0,6.2
3D,2016,73.0,7.45
3D,2017,78.5,7.716666666666666
3D,2018,74.0,7.3500000000000005
3D,2019,73.0,7.8
3D,2020,78.0,8.0
3D,2021,89.0,8.7
3D,2022,82.5,8.9
Action,1996,94.0,9.1
Action,1997,91.33333333333333,8.700000000000001
Action,1998,78.5,8.3
Action,1999,78.0,8.15
Action,2000,88.0,8.566666666666668
Action,2001,88.0,8.666666666666666
Action,2002,90.6,8.82
Action,2003,78.75,8.45
Action,2004,77.36363636363636,8.245454545454546
Action,2005,71.81818181818181,7.636363636363637
Action,2006,79.2,7.9
Action,2007,78.71428571428571,7.8999999999999995
Action,2008,80.0,7.783333333333334
Action,2009,78.66666666666667,8.1
Action,2010,76.14285714285714,7.95
Action,2011,71.91666666666667,7.391666666666667
Action,2012,74.71428571428571,7.378571428571428
Action,2013,74.875,7.5625
Action,2014,75.46153846153847,7.946153846153846
Action,2015,71.0,7.546153846153846
Action,2016,74.44444444444444,7.377777777777778
Action,2017,75.4,7.62
Action,2018,78.0,7.754545454545454
Action,2019,77.9,7.51
Action,2020,74.8,7.8
Action,2021,81.75,8.1
Action,2022,82.66666666666667,8.200000000000001
Action,2023,86.5,8.75
Action Adventure,1998,99.0,9.1
Action Adventure,2000,95.0,9.1
Action Adventure,2001,78.0,8.6
Action Adventure,2002,90.25,8.7
Action Adventure,2003,94.0,8.933333333333334
Action Adventure,2004,72.0,7.8999999999999995
Action Adventure,2005,89.0,8.9
Action Adventure,2006,75.75,8.1
Action Adventure,2007,84.0,7.800000000000001
Action Adventure,2009,87.0,7.9
Action Adventure,2010,74.33333333333333,7.133333333333333
Action Adventure,2011,90.66666666666667,8.200000000000001
Action Adventure,2012,68.2,7.140000000000001
Action Adventure,2013,81.8,8.26
Action Adventure,2014,75.33333333333333,8.433333333333334
Action Adventure,2015,70.0,7.82
Action Adventure,2016,86.0,8.6
Action Adventure,2017,85.66666666666667,8.283333333333333
Action Adventure,2018,82.75,8.25
Action Adventure,2019,86.66666666666667,8.566666666666668
Action Adventure,2021,78.33333333333333,7.566666666666666
Action Adventure,2022,86.0,7.1
Action Adventure,2023,88.5,8.399999999999999
Action RPG,2003,72.0,8.5
Action RPG,2004,79.0,8.1
Action RPG,2006,67.0,6.800000000000001
Action RPG,2007,85.0,8.0
Action RPG,2009,90.0,8.8
Action RPG,2012,92.0,9.1
Action RPG,2013,91.0,9.0
Action RPG,2015,81.75,8.575
Action RPG,2017,78.75,8.15
Action RPG,2018,76.0,6.92
Action RPG,2019,73.0,7.3
Action RPG,2020,89.0,8.8
Action RPG,2022,89.0,8.5
Action RPG,2023,92.0,8.8
Adventure,2000,57.0,6.3
Adventure,2002,50.0,7.6
Adventure,2003,55.0,6.4
Adventure,2005,70.0,8.1
Adventure,2007,78.0,8.6
Adventure,2008,78.5,8.3
Adventure,2010,77.0,7.983333333333333
Adventure,2012,60.0,7.7
Adventure,2018,71.0,7.4
Adventure,2021,74.0,7.1
Alternative,2003,73.0,7.8
Alternative,2009,80.0,7.6
Application,2006,71.0,7.0
Application,2011,69.0,6.6
Application,2012,59.0,4.3
Application,2013,70.0,6.3
Application,2016,72.0,7.1
Application,2021,77.0,7.8
Arcade,1999,91.0,7.8
Arcade,2000,82.0,8.1
Arcade,2003,81.0,8.1
Arcade,2004,66.0,7.8
Arcade,2005,72.25,7.75
Arcade,2006,71.875,7.7625
Arcade,2007,71.4,7.76
Arcade,2008,73.33333333333333,8.1
Arcade,2009,73.75,7.875
Arcade,2011,79.5,8.05
Arcade,2014,82.75,8.274999999999999
Arcade,2015,71.33333333333333,7.833333333333333
Arcade,2016,64.0,5.4
Arcade,2017,87.5,8.5
Arcade,2018,82.0,8.5
Arcade,2019,59.0,4.2
Arcade,2020,76.5,7.3
Arcade,2021,70.0,5.5
Arcade,2022,76.33333333333333,6.0
Arcade,2023,94.0,8.7
Athletics,2006,76.0,8.1
Athletics,2007,67.0,7.6
Athletics,2008,70.0,7.0
Athletics,2009,80.0,8.3
Athletics,2013,61.5,6.75
Athletics,2016,62.5,7.300000000000001
Athletics,2022,72.0,5.9
Automobile,2005,91.0,8.7
Automobile,2006,72.0,8.3
Automobile,2008,82.0,8.5
Automobile,2009,77.0,8.1
Automobile,2011,85.0,8.2
Automobile,2014,87.5,8.45
Automobile,2015,90.0,8.2
Automobile,2017,92.0,8.6
Automobile,2019,59.0,4.2
Automobile,2020,75.0,7.1
Automobile,2022,73.0,6.8
Baseball,2005,76.0,8.4
Baseball,2008,69.0,7.9
Basketball,2002,71.0,7.4
Basketball,2006,69.0,7.8
Beat-'Em-Up,2005,56.0,7.6
Beat-'Em-Up,2009,59.0,8.2
Beat-'Em-Up,2010,62.5,7.3
Beat-'Em-Up,2011,56.0,6.8
Beat-'Em-Up,2013,49.0,5.2
Beat-'Em-Up,2014,81.0,8.55
Beat-'Em-Up,2015,58.0,6.2
Beat-'Em-Up,2016,70.0,7.5
Beat-'Em-Up,2017,71.5,7.75
Beat-'Em-Up,2018,70.66666666666667,7.266666666666667
Beat-'Em-Up,2019,67.0,7.8
Beat-'Em-Up,2020,78.0,8.0
Beat-'Em-Up,2022,80.0,8.9
Board / Card Game,2006,83.0,7.8
Board / Card Game,2011,68.0,7.6
Board / Card Game,2015,46.0,4.0
Board / Card Game,2016,83.0,8.1
Board Games,2006,83.0,7.8
Board Games,2011,68.0,7.6
Boxing,2009,86.0,8.6
Boxing / Martial Arts,2009,86.0,8.6
Boxing / Martial Arts,2017,77.0,7.1
Career,2009,73.0,7.5
Career,2012,76.0,7.6
Career,2015,66.0,6.9
Career,2016,78.0,6.9
Career,2017,80.0,7.6
Civilian,2011,71.0,7.2
Civilian Plane,2011,71.0,7.2
Combat,2006,76.0,6.8
Combat,2009,86.0,8.6
Combat,2010,82.0,7.0
Combat,2011,58.0,6.3
Combat,2014,70.0,7.6
Combat,2016,69.0,7.4
Combat,2017,70.5,6.55
Combat,2019,69.0,7.6
Compilation,2002,71.0,8.1
Compilation,2009,91.0,9.2
Compilation,2010,70.0,7.8
Compilation,2011,94.0,9.0
Compilation,2012,82.0,8.9
Compilation,2015,73.0,7.6
Compilation,2018,90.0,8.7
Compilation,2020,82.0,6.4
Console-style RPG,2001,92.0,9.0
Console-style RPG,2003,86.0,8.766666666666667
Console-style RPG,2004,80.2,8.440000000000001
Console-style RPG,2005,79.4,8.5
Console-style RPG,2006,70.375,8.05
Console-style RPG,2007,86.4,8.3
Console-style RPG,2008,59.5,8.5
Console-style RPG,2009,75.66666666666667,8.9
Console-style RPG,2010,81.8,8.48
Console-style RPG,2011,82.25,7.925000000000001
Console-style RPG,2012,80.28571428571429,7.471428571428571
Console-style RPG,2013,78.75,7.4
Console-style RPG,2014,83.75,7.975
Dancing,2005,69.0,8.1
Defense,2010,82.0,7.5
Defense,2016,74.0,7.4
Driving,1996,92.0,8.3
Driving,1997,85.5,8.5
Driving,1998,85.0,8.7
Driving,2000,80.33333333333333,8.0
Driving,2001,86.33333333333333,7.933333333333334
Driving,2003,78.75,8.225
Driving,2004,71.5,8.05
Driving,2005,68.5,7.0
Driving,2006,72.0,8.3
Driving,2007,54.5,6.8
Driving,2008,82.0,8.5
Driving,2009,73.5,7.8
Driving,2011,85.0,8.2
Driving,2014,87.5,8.45
Driving,2015,90.0,8.2
Edutainment,2006,75.5,7.45
Edutainment,2007,68.0,6.0
Edutainment,2008,85.0,8.4
Edutainment,2010,75.0,7.6
Edutainment,2012,81.0,7.5
Edutainment,2013,69.0,7.2
Edutainment,2014,76.0,7.8
Edutainment,2015,82.0,7.9
Edutainment,2016,72.0,7.1
Exercise / Fitness,2008,80.0,7.7
Exercise / Fitness,2009,74.5,7.449999999999999
Exercise / Fitness,2013,72.0,7.7
Exercise / Fitness,2019,74.5,7.55
Exercise / Fitness,2020,66.0,5.7
Fantasy,1998,99.0,9.1
Fantasy,2000,95.0,9.1
Fantasy,2001,83.5,8.649999999999999
Fantasy,2002,72.5,8.3
Fantasy,2003,85.33333333333333,8.549999999999999
Fantasy,2004,88.0,8.35
Fantasy,2005,86.33333333333333,9.0
Fantasy,2006,90.25,8.95
Fantasy,2007,74.75,7.775
Fantasy,2009,81.66666666666667,7.8
Fantasy,2010,62.0,7.7
Fantasy,2011,90.66666666666667,8.200000000000001
Fantasy,2012,74.42857142857143,7.785714285714286
Fantasy,2013,82.83333333333333,8.35
Fantasy,2014,79.25,8.55
Fantasy,2015,82.66666666666667,8.666666666666666
Fantasy,2016,83.5,7.95
Fantasy,2017,96.0,8.3
Fighting,1999,79.0,8.6
Fighting,2001,92.0,9.0
Fighting,2004,65.0,8.1
Fighting,2007,74.0,8.3
Fighting,2008,93.0,8.8
Fighting,2011,37.0,4.8
Fighting,2014,84.0,8.14
Fighting,2016,76.0,7.4
Fighting,2017,77.0,7.3
Fighting,2018,93.0,8.6
Fighting,2020,65.0,7.9
First-Person,1997,96.0,8.9
First-Person,2000,97.0,8.8
First-Person,2002,97.0,9.0
First-Person,2003,55.0,6.4
First-Person,2004,92.0,8.9
First-Person,2005,66.0,8.0
First-Person,2006,85.0,7.7
First-Person,2007,90.0,8.8
First-Person,2009,91.0,9.2
First-Person,2010,67.0,8.7
First-Person,2016,69.0,6.4
First-Person,2023,94.0,8.7
Flight,2006,76.0,6.8
Flight,2011,71.0,7.2
Futuristic,1998,85.0,8.7
Futuristic,2001,86.0,7.8
Futuristic,2003,89.0,8.6
Futuristic,2004,77.0,8.3
General,1996,80.0,7.9
General,1997,90.0,8.4
General,1999,77.0,7.7
General,2000,57.0,6.3
General,2001,78.0,8.4
General,2002,71.0,8.1
General,2003,79.66666666666667,8.433333333333334
General,2004,68.66666666666667,8.033333333333333
General,2005,76.57142857142857,8.242857142857142
General,2006,69.85714285714286,7.714285714285714
General,2007,74.77777777777777,7.555555555555555
General,2008,75.05882352941177,7.923529411764705
General,2009,71.81481481481481,7.42962962962963
General,2010,74.04,7.428
General,2011,71.125,7.58125
General,2012,67.76190476190476,7.004761904761905
General,2013,72.33333333333333,7.485714285714285
General,2014,74.0,7.992857142857143
General,2015,61.285714285714285,6.428571428571429
General,2016,82.0,8.133333333333333
General,2017,69.3,7.209999999999999
General,2018,73.75,7.975
General,2019,77.66666666666667,7.566666666666666
General,2020,81.0,7.866666666666667
General,2021,71.0,8.1
General,2022,76.0,7.4
General,2023,78.0,8.666666666666666
Golf,1999,91.0,7.8
Golf,2003,81.0,8.1
Golf,2004,84.0,8.5
Golf,2006,66.0,7.7
Golf,2014,78.0,8.1
Golf,2021,70.0,5.5
Hidden Object,2011,65.0,7.4
Historic,2006,37.0,5.6
Horizontal,2017,70.0,7.2
Horror,2002,92.0,8.8
Horror,2012,54.0,6.4
Horror,2015,67.0,8.0
Individual,2006,71.0,7.9
Individual,2007,67.0,7.6
Individual,2008,70.0,7.0
Individual,2009,77.0,8.166666666666666
Individual,2012,69.0,6.9
Individual,2013,61.5,6.75
Individual,2014,78.0,8.1
Individual,2015,58.0,5.1
Individual,2016,62.5,7.300000000000001
Individual,2017,77.0,7.1
Individual,2018,75.0,7.0
Individual,2021,70.0,5.5
Individual,2022,72.0,5.9
Japanese-Style,2005,86.0,8.5
Japanese-Style,2006,69.0,7.8
Japanese-Style,2009,90.0,8.8
Japanese-Style,2010,78.33333333333333,8.033333333333333
Japanese-Style,2011,77.5,7.95
Japanese-Style,2012,75.0,5.5
Japanese-Style,2013,81.0,8.3
Japanese-Style,2014,83.33333333333333,7.833333333333333
Japanese-Style,2015,76.0,8.1
Japanese-Style,2016,78.8,7.739999999999999
Japanese-Style,2017,81.66666666666667,8.333333333333334
Japanese-Style,2018,83.0,8.4
Japanese-Style,2019,79.66666666666667,7.033333333333332
Japanese-Style,2020,81.0,6.2
Japanese-Style,2022,81.0,7.5
Kart,1997,85.5,8.5
Kart,2000,71.0,7.7
Kart,2001,93.0,8.0
Kart,2003,74.0,8.399999999999999
Kart,2005,91.0,8.7
Kart,2007,54.5,6.8
Kart,2008,82.0,8.5
Kart,2011,85.0,8.2
Kart,2014,87.66666666666667,8.533333333333333
Kart,2015,90.0,8.2
Light Gun,2007,68.0,7.1
Linear,2014,88.5,8.850000000000001
Linear,2018,88.0,8.45
Linear,2022,86.0,7.1
Linear,2023,81.0,8.6
Logic,2006,62.0,6.0
Logic,2007,83.0,7.9
Logic,2008,67.0,7.3
Logic,2010,81.0,7.733333333333333
Logic,2014,80.5,8.05
Logic,2015,75.0,7.5
Logic,2016,86.0,7.8
Marine,2011,58.0,6.3
Marine,2014,70.0,7.6
Matching,2000,81.0,8.4
Matching,2001,71.0,7.3
Matching,2004,66.0,8.2
Matching,2005,83.33333333333333,7.6000000000000005
Matching,2006,72.0,7.366666666666667
Matching,2008,71.33333333333333,8.066666666666666
Matching,2009,80.66666666666667,7.466666666666666
Matching,2014,70.0,7.3
Matching,2015,56.0,6.1
Matching,2018,76.0,7.7
Matching,2020,64.0,6.2
Metroidvania,2017,85.0,8.7
Metroidvania,2021,88.0,8.7
Military,2007,75.0,8.2
Miscellaneous,1999,79.0,8.0
Miscellaneous,2000,81.0,8.4
Miscellaneous,2001,72.5,7.75
Miscellaneous,2002,74.75,8.175
Miscellaneous,2003,79.25,8.075
Miscellaneous,2004,67.33333333333333,7.333333333333333
Miscellaneous,2005,76.71428571428571,7.7
Miscellaneous,2006,75.0,7.454545454545454
Miscellaneous,2007,72.0,6.933333333333334
Miscellaneous,2008,73.16666666666667,7.433333333333334
Miscellaneous,2009,76.0625,7.43125
Miscellaneous,2010,74.45454545454545,7.572727272727272
Miscellaneous,2011,73.66666666666667,7.5
Miscellaneous,2012,73.23076923076923,7.2846153846153845
Miscellaneous,2013,68.41666666666667,7.166666666666667
Miscellaneous,2014,73.5,7.7299999999999995
Miscellaneous,2015,66.33333333333333,6.233333333333333
Miscellaneous,2016,74.33333333333333,7.366666666666667
Miscellaneous,2017,58.0,5.833333333333333
Miscellaneous,2018,72.125,7.4
Miscellaneous,2019,74.5,7.55
Miscellaneous,2020,76.66666666666667,6.6000000000000005
Miscellaneous,2021,76.5,7.9
Miscellaneous,2022,67.0,7.3
Miscellaneous,2023,56.0,5.4
Modern,1997,96.0,8.9
Modern,2001,92.0,8.8
Modern,2005,85.33333333333333,8.666666666666666
Modern,2008,86.0,8.5
Modern,2010,67.0,8.7
Modern,2015,43.0,6.6
Modern,2016,69.0,7.4
Motocross,2000,88.0,8.2
Motocross,2009,70.0,7.5
Motorcycle,2000,88.0,8.2
Motorcycle,2009,70.0,7.5
Music,2004,76.0,7.9
Music,2005,69.0,7.0
Music,2006,81.66666666666667,8.0
Music,2008,63.0,4.8
Music,2009,81.0,8.266666666666667
Music,2012,71.5,7.2
Music,2013,73.0,7.4
Music,2014,65.0,7.3
Music,2016,83.0,8.2
Music,2019,85.0,8.0
Music Maker,2006,71.0,7.0
Olympic Sports,2007,67.0,7.6
Olympic Sports,2008,70.0,7.0
Olympic Sports,2013,55.0,6.5
On-foot,2005,46.0,5.3
Open-World,2006,95.0,9.0
Open-World,2007,90.0,7.9
Open-World,2009,87.0,7.9
Open-World,2011,93.5,8.55
Open-World,2013,87.0,8.733333333333333
Open-World,2015,81.0,8.05
Open-World,2016,86.0,8.6
Open-World,2017,87.4,8.379999999999999
Open-World,2019,87.0,8.4
Open-World,2021,78.33333333333333,7.566666666666666
Open-World,2023,96.0,8.2
Other,2005,46.0,5.3
Other,2007,54.5,6.8
Other,2009,75.0,7.55
Other,2017,92.0,8.6
Parlor,2003,81.0,7.7
Parlor,2004,62.0,4.2
Parlor,2005,79.0,7.9
Parlor,2006,62.0,7.6
Party,1999,79.0,8.0
Party,2001,74.0,8.2
Party,2002,70.0,7.7
Party,2003,69.0,7.7
Party,2004,71.0,7.9
Party,2005,59.0,6.25
Party,2007,68.75,7.1499999999999995
Party,2010,70.5,7.9
Party,2011,60.0,6.4
Party,2012,75.0,7.35
Party,2013,61.0,6.566666666666666
Party,2015,66.0,6.4
Party / Minigame,2005,81.0,8.2
Party / Minigame,2006,83.0,7.8
Party / Minigame,2007,68.75,7.1499999999999995
Party / Minigame,2009,53.0,4.1
Party / Minigame,2010,70.5,7.9
Party / Minigame,2011,60.0,6.4
Party / Minigame,2012,75.0,7.35
Party / Minigame,2013,63.5,6.75
Party / Minigame,2014,73.0,8.0
Party / Minigame,2015,66.0,6.4
Party / Minigame,2016,68.0,6.9
Party / Minigame,2017,58.0,5.833333333333333
Party / Minigame,2018,69.57142857142857,7.214285714285714
Party / Minigame,2020,82.0,7.7
Party / Minigame,2021,76.33333333333333,7.933333333333334
Party / Minigame,2022,67.0,7.3
Party / Minigame,2023,56.0,5.4
Pet,2005,83.0,7.766666666666667
Pet,2006,83.0,7.4
Pet,2011,71.0,7.266666666666667
Pinball,2003,81.0,7.7
Pinball,2004,62.0,4.2
Pinball,2005,79.0,7.9
Pinball,2006,62.0,7.6
Platformer,1996,94.0,9.1
Platformer,1998,78.5,8.3
Platformer,2000,83.5,8.45
Platformer,2001,86.0,8.5
Platformer,2002,89.0,8.775
Platformer,2003,81.0,8.466666666666667
Platformer,2004,77.9,8.2
Platformer,2005,75.625,7.3125
Platformer,2006,78.63636363636364,8.118181818181817
Platformer,2007,80.66666666666667,8.133333333333333
Platformer,2008,77.0,8.65
Platformer,2009,80.5,8.3
Platformer,2010,87.0,8.42
Platformer,2011,81.75,8.25
Platformer,2012,77.2,7.3
Platformer,2013,82.22222222222223,8.133333333333333
Platformer,2014,78.2,8.22
Platformer,2015,73.71428571428571,7.642857142857143
Platformer,2016,77.0,7.6
Platformer,2017,82.0,8.0
Platformer,2018,80.4,7.74
Platformer,2019,81.5,7.5
Platformer,2020,75.0,7.6
Platformer,2021,88.5,8.7
Platformer,2022,85.0,8.9
Platformer,2023,79.0,8.8
Point-and-Click,2005,70.0,8.1
Puzzle,2000,81.0,8.4
Puzzle,2001,71.0,7.3
Puzzle,2002,71.0,8.1
Puzzle,2003,83.5,8.45
Puzzle,2004,65.0,8.0
Puzzle,2005,80.72727272727273,8.009090909090908
Puzzle,2006,72.3076923076923,7.246153846153846
Puzzle,2007,84.5,7.900000000000001
Puzzle,2008,76.3157894736842,7.921052631578948
Puzzle,2009,71.91304347826087,6.982608695652174
Puzzle,2010,79.75,8.0
Puzzle,2011,78.55555555555556,7.7666666666666675
Puzzle,2012,81.42857142857143,7.985714285714286
Puzzle,2013,69.75,7.325
Puzzle,2014,78.71428571428571,8.071428571428571
Puzzle,2015,71.85714285714286,7.357142857142857
Puzzle,2016,83.0,7.85
Puzzle,2017,74.4,7.26
Puzzle,2018,79.0,7.533333333333334
Puzzle,2019,79.0,7.633333333333333
Puzzle,2020,71.0,7.1
Racing,1996,92.0,8.3
Racing,1997,85.5,8.5
Racing,1998,85.0,8.7
Racing,2000,80.33333333333333,8.0
Racing,2001,86.33333333333333,7.933333333333334
Racing,2003,78.75,8.225
Racing,2004,71.5,8.05
Racing,2005,68.5,7.0
Racing,2006,72.0,8.3
Racing,2007,54.5,6.8
Racing,2008,82.0,8.5
Racing,2009,73.5,7.8
Racing,2011,85.0,8.2
Racing,2014,87.5,8.45
Racing,2015,90.0,8.2
Racing,2017,92.0,8.6
Racing,2019,59.0,4.2
Racing,2020,75.0,7.1
Racing,2022,73.0,6.8
Rail,1997,88.0,8.8
Rail,2010,87.0,8.5
Rail,2011,81.0,8.1
Rail,2016,69.0,7.4
Rail,2021,79.0,6.9
Rally / Offroad,2003,78.0,7.5
Real-Time,2000,80.0,7.6
Real-Time,2001,89.0,8.7
Real-Time,2004,90.0,9.1
Real-Time,2007,75.0,8.2
Real-Time,2009,77.0,8.4
Real-Time,2010,82.0,7.5
Real-Time,2013,87.0,8.8
Real-Time,2016,74.0,7.4
Real-Time,2020,85.0,8.6
Real-Time,2022,80.0,8.9
Real-Time,2023,78.0,8.666666666666666
Rhythm,2004,76.0,7.9
Rhythm,2005,69.0,7.55
Rhythm,2006,79.0,7.75
Rhythm,2008,63.0,4.8
Rhythm,2009,81.0,8.266666666666667
Rhythm,2012,71.5,7.2
Rhythm,2013,73.0,7.4
Rhythm,2014,65.0,7.3
Rhythm,2016,83.0,8.2
Rhythm,2019,85.0,8.0
Roguelike,2006,62.0,8.0
Roguelike,2008,59.5,8.5
Roguelike,2009,54.0,9.0
Roguelike,2013,59.0,6.3
Roguelike,2015,69.0,8.2
Roguelike,2020,69.0,8.1
Role-Playing,2001,92.0,9.0
Role-Playing,2003,82.5,8.7
Role-Playing,2004,79.75,8.3125
Role-Playing,2005,77.75,8.5
Role-Playing,2006,70.75,7.775
Role-Playing,2007,86.75,8.274999999999999
Role-Playing,2008,62.333333333333336,8.299999999999999
Role-Playing,2009,74.25,8.775
Role-Playing,2010,79.5,8.416666666666666
Role-Playing,2011,79.4,7.92
Role-Playing,2012,81.75,7.675
Role-Playing,2013,81.2,7.720000000000001
Role-Playing,2014,80.75,7.975
Role-Playing,2015,74.16666666666667,7.8
Role-Playing,2016,78.88888888888889,7.766666666666666
Role-Playing,2017,78.27272727272727,8.027272727272727
Role-Playing,2018,76.0,7.242857142857143
Role-Playing,2019,79.0,6.325
Role-Playing,2020,77.6,7.06
Role-Playing,2021,72.33333333333333,6.3
Role-Playing,2022,79.2,6.3
Role-Playing,2023,92.0,8.8
Sandbox,2018,81.0,8.0
Sci-Fi,2000,88.5,8.2
Sci-Fi,2002,90.33333333333333,8.666666666666666
Sci-Fi,2003,89.0,8.8
Sci-Fi,2004,75.0,8.55
Sci-Fi,2005,66.5,8.1
Sci-Fi,2006,80.5,7.25
Sci-Fi,2007,90.0,8.8
Sci-Fi,2009,91.0,9.2
Sci-Fi,2010,80.71428571428571,7.014285714285714
Sci-Fi,2015,69.0,7.8
Sci-Fi,2016,74.0,7.4
Scrolling,2010,62.0,9.6
Scrolling,2011,62.0,6.55
Shoot-'Em-Up,2010,62.0,9.6
Shoot-'Em-Up,2011,62.0,6.55
Shoot-'Em-Up,2017,70.0,7.2
Shooter,1997,92.0,8.850000000000001
Shooter,2000,97.0,8.8
Shooter,2002,97.0,9.0
Shooter,2004,92.0,8.9
Shooter,2005,69.66666666666667,8.200000000000001
Shooter,2006,80.5,7.25
Shooter,2007,79.0,7.95
Shooter,2009,91.0,9.2
Shooter,2010,75.4,8.58
Shooter,2011,68.33333333333333,7.066666666666666
Shooter,2015,62.0,7.6499999999999995
Shooter,2016,69.0,6.733333333333334
Shooter,2017,76.5,7.800000000000001
Shooter,2018,82.0,8.5
Shooter,2021,79.0,6.9
Shooter,2022,83.0,6.8
Shooter,2023,94.0,8.7
Sim,2002,71.0,7.4
Sim,2004,84.0,8.5
Sim,2006,66.0,7.7
Simulation,1996,80.0,7.9
Simulation,2005,83.75,7.95
Simulation,2006,79.5,7.1
Simulation,2008,60.0,6.6
Simulation,2009,74.0,7.45
Simulation,2010,82.0,7.0
Simulation,2011,68.4,7.06
Simulation,2012,76.0,7.6
Simulation,2013,88.0,8.7
Simulation,2014,70.66666666666667,7.6000000000000005
Simulation,2015,66.0,6.9
Simulation,2016,73.33333333333333,6.6000000000000005
Simulation,2017,72.0,6.8
Simulation,2019,69.0,7.6
Simulation,2020,90.0,5.6
Simulation,2021,69.0,7.0
Snow / Water,1996,92.0,8.3
Snow / Water,2001,80.0,8.0
Snowboarding,2003,73.0,7.8
Soccer,2005,76.0,8.6
Soccer,2007,79.0,8.2
Soccer,2011,74.0,7.9
Soccer,2022,73.0,4.4
Space,2010,82.0,7.0
Space,2016,69.0,7.4
Sports,1999,91.0,7.8
Sports,2000,91.0,8.7
Sports,2002,71.0,7.4
Sports,2003,77.0,7.949999999999999
Sports,2004,80.33333333333333,8.433333333333334
Sports,2005,77.66666666666667,8.533333333333333
Sports,2006,70.33333333333333,7.866666666666667
Sports,2007,73.0,7.8999999999999995
Sports,2008,73.0,7.533333333333334
Sports,2009,77.75,8.025
Sports,2011,69.0,7.9
Sports,2012,69.0,6.9
Sports,2013,65.0,7.066666666666666
Sports,2014,78.0,8.1
Sports,2015,58.0,5.1
Sports,2016,62.5,7.300000000000001
Sports,2017,69.5,7.199999999999999
Sports,2018,75.0,7.0
Sports,2021,70.0,5.5
Sports,2022,72.5,5.15
Stacking,2005,73.0,8.2
Stacking,2006,84.0,7.9
Stacking,2011,74.0,7.1
Stacking,2013,65.0,7.3
Stacking,2015,69.0,6.9
Stacking,2019,83.0,8.1
Strategy,2000,80.0,7.6
Strategy,2001,86.33333333333333,8.633333333333333
Strategy,2003,88.0,8.966666666666667
Strategy,2004,90.0,9.1
Strategy,2005,86.66666666666667,8.966666666666667
Strategy,2007,68.66666666666667,7.8999999999999995
Strategy,2008,86.0,8.5
Strategy,2009,79.0,7.75
Strategy,2010,82.0,7.5
Strategy,2012,80.0,8.1
Strategy,2013,89.5,8.9
Strategy,2015,69.0,7.8
Strategy,2016,83.83333333333333,7.683333333333334
Strategy,2017,76.5,7.9
Strategy,2019,89.0,8.8
Strategy,2020,74.33333333333333,8.166666666666666
Strategy,2022,80.5,8.2
Strategy,2023,79.2,8.14
Submarine,2011,58.0,6.3
Submarine,2014,70.0,7.6
Survival,2012,54.0,6.4
Survival,2015,67.0,8.0
Tactics,2005,90.0,8.8
Tactics,2007,76.5,8.55
Tactics,2008,86.0,8.5
Tactics,2009,81.0,7.1
Tactics,2012,80.0,8.1
Tactics,2013,92.0,9.0
Tactics,2015,69.0,7.8
Tactics,2016,87.25,7.7
Tactics,2017,76.5,7.9
Tactics,2019,89.0,8.8
Tactics,2020,69.0,7.949999999999999
Tactics,2022,81.0,7.5
Tactics,2023,81.0,7.35
Team,2006,69.0,7.8
Team,2007,79.0,8.2
Team,2008,69.0,7.9
Team,2022,73.0,4.4
Tennis,2000,91.0,8.7
Tennis,2004,80.0,8.5
Tennis,2005,81.0,8.6
Tennis,2009,65.0,7.6
Tennis,2012,69.0,6.9
Tennis,2015,58.0,5.1
Tennis,2018,75.0,7.0
Third-Person,2002,50.0,7.6
Third-Person,2005,71.5,8.3
Third-Person,2006,76.0,6.8
Third-Person,2008,72.0,8.2
Third-Person,2010,77.5,7.65
Third-Person,2015,62.0,7.6499999999999995
Third-Person,2016,69.0,7.4
Third-Person,2017,83.0,8.4
Third-Person,2018,76.5,7.95
Third-Person,2022,83.0,6.8
Traditional,1999,91.0,7.8
Traditional,2000,91.0,8.7
Traditional,2002,71.0,7.4
Traditional,2003,81.0,8.1
Traditional,2004,82.0,8.5
Traditional,2005,77.66666666666667,8.533333333333333
Traditional,2006,67.5,7.75
Traditional,2007,79.0,8.2
Traditional,2008,69.0,7.9
Traditional,2009,75.5,8.1
Traditional,2011,74.0,7.9
Traditional,2012,69.0,6.9
Traditional,2014,78.0,8.1
Trainer,2007,85.0,8.2
Trainer,2009,76.5,8.65
Trainer,2010,87.0,9.149999999999999
Trainer,2011,79.75,7.825
Trainer,2012,80.0,8.05
Trainer,2013,87.5,7.5
Trainer,2014,82.5,7.55
Trainer,2015,66.5,6.699999999999999
Trainer,2016,79.0,7.8
Trainer,2017,80.33333333333333,7.933333333333334
Trainer,2018,79.5,6.35
Trainer,2019,80.0,5.550000000000001
Trainer,2020,69.0,5.2
Trainer,2021,73.0,5.4
Trainer,2022,75.33333333333333,5.166666666666667
Turn-Based,2001,92.0,8.8
Turn-Based,2003,88.0,8.966666666666667
Turn-Based,2005,86.66666666666667,8.966666666666667
Turn-Based,2007,65.5,7.75
Turn-Based,2008,86.0,8.5
Turn-Based,2009,81.0,7.1
Turn-Based,2012,80.0,8.1
Turn-Based,2013,92.0,9.0
Turn-Based,2015,69.0,7.8
Turn-Based,2016,85.8,7.74
Turn-Based,2017,76.5,7.9
Turn-Based,2019,89.0,8.8
Turn-Based,2020,69.0,7.949999999999999
Turn-Based,2022,81.0,7.5
Turn-Based,2023,81.0,7.35
Vehicle,2017,64.0,6.0
Vehicle,2019,69.0,7.6
Vertical,2010,62.0,9.6
Vertical,2011,62.0,6.55
Virtual,2005,83.75,7.95
Virtual,2006,83.0,7.4
Virtual,2008,60.0,6.6
Virtual,2009,74.0,7.45
Virtual,2011,71.0,7.266666666666667
Virtual,2012,76.0,7.6
Virtual,2013,88.0,8.7
Virtual,2014,71.0,7.6
Virtual,2015,66.0,6.9
Virtual,2016,75.5,6.2
Virtual,2017,76.0,7.199999999999999
Virtual,2020,90.0,5.6
Virtual,2021,69.0,7.0
Virtual Life,2002,87.0,8.8
Virtual Life,2005,83.75,7.95
Virtual Life,2006,83.0,7.4
Virtual Life,2008,60.0,6.6
Virtual Life,2009,75.0,7.4
Virtual Life,2011,71.0,7.266666666666667
Virtual Life,2013,88.0,8.7
Virtual Life,2014,71.0,7.6
Virtual Life,2016,73.0,5.5
Virtual Life,2017,72.0,6.8
Virtual Life,2020,90.0,5.6
Virtual Life,2021,69.0,7.0
Visual Novel,2010,67.0,8.7
Visual Novel,2021,74.0,7.1
